{"rabbit_version":"3.10.7","rabbitmq_version":"3.10.7","product_name":"RabbitMQ","product_version":"3.10.7","users":[{"name":"guest","password_hash":"ftoAtTgt4yicA+aOmPBUgnEaGWRVeu1lUU8Kvqz6y3bjbD8r","hashing_algorithm":"rabbit_password_hashing_sha256","tags":["administrator"],"limits":{}}],"vhosts":[{"name":"/"}],"permissions":[{"user":"guest","vhost":"/","configure":".*","write":".*","read":".*"}],"topic_permissions":[],"parameters":[],"global_parameters":[{"name":"internal_cluster_id","value":"rabbitmq-cluster-id-I9JVUrST8KuAaHIz5LLgHA"}],"policies":[],"queues":[{"name":"CreateUser","vhost":"/","durable":true,"auto_delete":false,"arguments":{"x-queue-type":"classic"}},{"name":"ReadOrder","vhost":"/","durable":true,"auto_delete":false,"arguments":{"x-queue-type":"classic"}},{"name":"ReadPromotion","vhost":"/","durable":true,"auto_delete":false,"arguments":{"x-queue-type":"classic"}},{"name":"UpdateReview","vhost":"/","durable":true,"auto_delete":false,"arguments":{"x-queue-type":"classic"}},{"name":"UpdatePromotion","vhost":"/","durable":true,"auto_delete":false,"arguments":{"x-queue-type":"classic"}},{"name":"UpdateUser","vhost":"/","durable":true,"auto_delete":false,"arguments":{"x-queue-type":"classic"}},{"name":"CreateResv","vhost":"/","durable":true,"auto_delete":false,"arguments":{"x-queue-type":"classic"}},{"name":"ReadTable","vhost":"/","durable":true,"auto_delete":false,"arguments":{"x-queue-type":"classic"}},{"name":"DeleteCourse","vhost":"/","durable":true,"auto_delete":false,"arguments":{"x-queue-type":"classic"}},{"name":"DeleteReview","vhost":"/","durable":true,"auto_delete":false,"arguments":{"x-queue-type":"classic"}},{"name":"DeletePromotion","vhost":"/","durable":true,"auto_delete":false,"arguments":{"x-queue-type":"classic"}},{"name":"CreateCourse","vhost":"/","durable":true,"auto_delete":false,"arguments":{"x-queue-type":"classic"}},{"name":"ReadResv","vhost":"/","durable":true,"auto_delete":false,"arguments":{"x-queue-type":"classic"}},{"name":"UpdateRating","vhost":"/","durable":true,"auto_delete":false,"arguments":{"x-queue-type":"classic"}},{"name":"ReadAllUser","vhost":"/","durable":true,"auto_delete":false,"arguments":{"x-queue-type":"classic"}},{"name":"ReadCourse","vhost":"/","durable":true,"auto_delete":false,"arguments":{"x-queue-type":"classic"}},{"name":"ReadRating","vhost":"/","durable":true,"auto_delete":false,"arguments":{"x-queue-type":"classic"}},{"name":"CreatePayment","vhost":"/","durable":true,"auto_delete":false,"arguments":{"x-queue-type":"classic"}},{"name":"ReadPayment","vhost":"/","durable":true,"auto_delete":false,"arguments":{"x-queue-type":"classic"}},{"name":"CreatePromotion","vhost":"/","durable":true,"auto_delete":false,"arguments":{"x-queue-type":"classic"}},{"name":"CreateReview","vhost":"/","durable":true,"auto_delete":false,"arguments":{"x-queue-type":"classic"}},{"name":"UpdateCourse","vhost":"/","durable":true,"auto_delete":false,"arguments":{"x-queue-type":"classic"}},{"name":"ReadFood","vhost":"/","durable":true,"auto_delete":false,"arguments":{"x-queue-type":"classic"}},{"name":"ReadReview","vhost":"/","durable":true,"auto_delete":false,"arguments":{"x-queue-type":"classic"}},{"name":"UpdateResv","vhost":"/","durable":true,"auto_delete":false,"arguments":{"x-queue-type":"classic"}},{"name":"ReadUser","vhost":"/","durable":true,"auto_delete":false,"arguments":{"x-queue-type":"classic"}},{"name":"CreateOrder","vhost":"/","durable":true,"auto_delete":false,"arguments":{"x-queue-type":"classic"}},{"name":"UseCodePromotion","vhost":"/","durable":true,"auto_delete":false,"arguments":{"x-queue-type":"classic"}},{"name":"UpdateTable","vhost":"/","durable":true,"auto_delete":false,"arguments":{"x-queue-type":"classic"}},{"name":"ReadRest","vhost":"/","durable":true,"auto_delete":false,"arguments":{"x-queue-type":"classic"}}],"exchanges":[{"name":"PromotionExchange","vhost":"/","type":"direct","durable":true,"auto_delete":false,"internal":false,"arguments":{}},{"name":"UserExchange","vhost":"/","type":"direct","durable":true,"auto_delete":false,"internal":false,"arguments":{}},{"name":"ReservExchange","vhost":"/","type":"direct","durable":true,"auto_delete":false,"internal":false,"arguments":{}},{"name":"ReviewExchange","vhost":"/","type":"direct","durable":true,"auto_delete":false,"internal":false,"arguments":{}},{"name":"MenuExchange","vhost":"/","type":"direct","durable":true,"auto_delete":false,"internal":false,"arguments":{}}],"bindings":[{"source":"MenuExchange","vhost":"/","destination":"CreateCourse","destination_type":"queue","routing_key":"create","arguments":{}},{"source":"MenuExchange","vhost":"/","destination":"DeleteCourse","destination_type":"queue","routing_key":"delete","arguments":{}},{"source":"MenuExchange","vhost":"/","destination":"ReadCourse","destination_type":"queue","routing_key":"read","arguments":{}},{"source":"MenuExchange","vhost":"/","destination":"ReadFood","destination_type":"queue","routing_key":"readFood","arguments":{}},{"source":"MenuExchange","vhost":"/","destination":"UpdateCourse","destination_type":"queue","routing_key":"update","arguments":{}},{"source":"PromotionExchange","vhost":"/","destination":"UseCodePromotion","destination_type":"queue","routing_key":"code","arguments":{}},{"source":"PromotionExchange","vhost":"/","destination":"CreatePromotion","destination_type":"queue","routing_key":"create","arguments":{}},{"source":"PromotionExchange","vhost":"/","destination":"DeletePromotion","destination_type":"queue","routing_key":"delete","arguments":{}},{"source":"PromotionExchange","vhost":"/","destination":"ReadPromotion","destination_type":"queue","routing_key":"read","arguments":{}},{"source":"PromotionExchange","vhost":"/","destination":"UpdatePromotion","destination_type":"queue","routing_key":"update","arguments":{}},{"source":"ReservExchange","vhost":"/","destination":"CreateOrder","destination_type":"queue","routing_key":"createOrder","arguments":{}},{"source":"ReservExchange","vhost":"/","destination":"CreatePayment","destination_type":"queue","routing_key":"createPayment","arguments":{}},{"source":"ReservExchange","vhost":"/","destination":"CreateResv","destination_type":"queue","routing_key":"createResv","arguments":{}},{"source":"ReservExchange","vhost":"/","destination":"ReadOrder","destination_type":"queue","routing_key":"readOrder","arguments":{}},{"source":"ReservExchange","vhost":"/","destination":"ReadPayment","destination_type":"queue","routing_key":"readPayment","arguments":{}},{"source":"ReservExchange","vhost":"/","destination":"ReadRest","destination_type":"queue","routing_key":"readRest","arguments":{}},{"source":"ReservExchange","vhost":"/","destination":"ReadResv","destination_type":"queue","routing_key":"readResv","arguments":{}},{"source":"ReservExchange","vhost":"/","destination":"ReadTable","destination_type":"queue","routing_key":"readTable","arguments":{}},{"source":"ReservExchange","vhost":"/","destination":"UpdateRating","destination_type":"queue","routing_key":"updateRating","arguments":{}},{"source":"ReservExchange","vhost":"/","destination":"UpdateResv","destination_type":"queue","routing_key":"updateResv","arguments":{}},{"source":"ReservExchange","vhost":"/","destination":"UpdateTable","destination_type":"queue","routing_key":"updateTable","arguments":{}},{"source":"ReviewExchange","vhost":"/","destination":"CreateReview","destination_type":"queue","routing_key":"create","arguments":{}},{"source":"ReviewExchange","vhost":"/","destination":"DeleteReview","destination_type":"queue","routing_key":"delete","arguments":{}},{"source":"ReviewExchange","vhost":"/","destination":"ReadRating","destination_type":"queue","routing_key":"rating","arguments":{}},{"source":"ReviewExchange","vhost":"/","destination":"ReadReview","destination_type":"queue","routing_key":"read","arguments":{}},{"source":"ReviewExchange","vhost":"/","destination":"UpdateReview","destination_type":"queue","routing_key":"update","arguments":{}},{"source":"UserExchange","vhost":"/","destination":"ReadAllUser","destination_type":"queue","routing_key":"all","arguments":{}},{"source":"UserExchange","vhost":"/","destination":"CreateUser","destination_type":"queue","routing_key":"create","arguments":{}},{"source":"UserExchange","vhost":"/","destination":"ReadUser","destination_type":"queue","routing_key":"read","arguments":{}},{"source":"UserExchange","vhost":"/","destination":"UpdateUser","destination_type":"queue","routing_key":"update","arguments":{}}]}